"org","#1004 (PR #1129): Sessions and attribute caching (no-no)","#1120 (PR #1154): Don't suggest that predefined window attributes can be set (errata)","#59 (PR #1131): RMA Notification (no-no)","#1121 (PR #1155): Clarification for `user_data` in dropped event handler (errata)","#1004 (PR #1129): Sessions and attribute caching (1st)","#59 (PR #1131): RMA Notification (1st)"
"Meta","Yes","Yes","Yes","Yes","Yes","Yes"
"RWTH Aachen University","Yes","Yes","Yes","Yes","Yes","Yes"
"Queen's University","Yes","Yes","Yes","Yes","Yes","Yes"
"Stony Brook University","Yes","Yes","Yes","Yes","Yes","Yes"
"Ohio State University","Yes","Yes","Yes","Yes","Yes","Yes"
"The Texas Advanced Computing Center","Yes","Yes","Yes","Yes","Yes","Yes"
"Oak Ridge National Laboratory","Yes","Yes","Yes","Yes","Yes","Yes"
"Los Alamos National Laboratory","Yes","Yes","Yes","Yes","Yes","Yes"
"Argonne National Laboratory","Yes","Yes","Abstain","Abstain","Yes","No"
"Karlsruhe Institute of Technology (KIT)","Yes","Yes","Yes","Yes","Yes","Yes"
"ParTec","Yes","Yes","Yes","Yes","Yes","Yes"
"CIDS, ZIH, TUD Dresden University of Technology","Yes","Yes","Yes","Yes","Yes","Yes"
"Forschungszentrum Julich","Yes","Yes","Yes","Yes","Yes","Yes"
"ASC Research Center, TU Wien","Yes","Yes","Yes","Yes","Yes","Yes"
"Sandia National Laboratory","Yes","Yes","Yes","Yes","Yes","Yes"
"NVIDIA","Yes","Yes","Yes","Yes","Yes","Abstain"
"The University of Tokyo","Yes","Yes","Yes","Yes","Yes","Yes"
"Lawrence Livermore National Laboratory","Yes","Yes","Yes","Yes","Yes","Abstain"
"HLRS, University of Stuttgart","Yes","Yes","Yes","Yes","Yes","Yes"
"Eviden","Yes","Yes","Yes","Yes","Yes","Yes"
"Technical University of Munich","Yes","Yes","Yes","Yes","Abstain","Abstain"
"AMD","Yes","Abstain","Yes","Abstain","Yes","Yes"
"Kichakato Kizito","Abstain","Yes","Yes","Yes","Abstain","Yes"
"HPE","Yes","Yes","Yes","Yes","Yes","Yes"
"CEA","Yes","Yes","Yes","Yes","Yes","Yes"
"Tennessee Technological University","Yes","Yes","Yes","Yes","Abstain","Abstain"
"Cornelis Networks","Abstain","Abstain","Abstain","Abstain","Abstain","Abstain"
"INRIA","Abstain","Abstain","Abstain","Abstain","Abstain","Abstain"
"Intel Corporation","Abstain","Abstain","Abstain","Abstain","Abstain","Abstain"
